{
    "loss": 11.655165672302246,
    "accuracy": 0.5686274766921997
}