{
    "loss": 0.15645845234394073,
    "accuracy": 0.9769230484962463
}